,E1,E2,E3,E4,E5
M,-0.239,-0.141,-0.155,0.321,0.077
E,0.221,-0.28,-0.315,0.157,0.303
Y,-0.141,-0.057,0.425,-0.096,-0.091
W,-0.296,-0.186,0.389,0.083,0.297
K,0.243,-0.339,-0.044,-0.325,-0.027
H,0.023,-0.177,0.041,0.28,-0.021
T,0.068,0.147,-0.015,-0.132,-0.274
N,0.255,0.038,0.117,0.118,-0.055
S,0.199,0.238,-0.015,-0.068,-0.196
T,0.068,0.147,-0.015,-0.132,-0.274
K,0.243,-0.339,-0.044,-0.325,-0.027
D,0.303,-0.057,-0.014,0.225,0.156
T,0.068,0.147,-0.015,-0.132,-0.274
N,0.255,0.038,0.117,0.118,-0.055
N,0.255,0.038,0.117,0.118,-0.055
E,0.221,-0.28,-0.315,0.157,0.303
L,-0.267,0.018,-0.265,-0.274,0.206
G,0.218,0.562,-0.024,0.018,0.106
T,0.068,0.147,-0.015,-0.132,-0.274
T,0.068,0.147,-0.015,-0.132,-0.274
R,0.171,-0.361,0.107,-0.258,-0.364
D,0.303,-0.057,-0.014,0.225,0.156
R,0.171,-0.361,0.107,-0.258,-0.364
H,0.023,-0.177,0.041,0.28,-0.021
S,0.199,0.238,-0.015,-0.068,-0.196
S,0.199,0.238,-0.015,-0.068,-0.196
K,0.243,-0.339,-0.044,-0.325,-0.027
A,0.008,0.134,-0.475,-0.039,0.181
T,0.068,0.147,-0.015,-0.132,-0.274
N,0.255,0.038,0.117,0.118,-0.055
I,-0.353,0.071,-0.088,-0.195,-0.107
I,-0.353,0.071,-0.088,-0.195,-0.107
M,-0.239,-0.141,-0.155,0.321,0.077
Y,-0.141,-0.057,0.425,-0.096,-0.091
I,-0.353,0.071,-0.088,-0.195,-0.107
F,-0.329,-0.023,0.072,-0.002,0.208
W,-0.296,-0.186,0.389,0.083,0.297
T,0.068,0.147,-0.015,-0.132,-0.274
T,0.068,0.147,-0.015,-0.132,-0.274
T,0.068,0.147,-0.015,-0.132,-0.274
S,0.199,0.238,-0.015,-0.068,-0.196
T,0.068,0.147,-0.015,-0.132,-0.274
I,-0.353,0.071,-0.088,-0.195,-0.107
L,-0.267,0.018,-0.265,-0.274,0.206
S,0.199,0.238,-0.015,-0.068,-0.196
V,-0.274,0.136,-0.187,-0.196,-0.299
I,-0.353,0.071,-0.088,-0.195,-0.107
F,-0.329,-0.023,0.072,-0.002,0.208
I,-0.353,0.071,-0.088,-0.195,-0.107
M,-0.239,-0.141,-0.155,0.321,0.077
I,-0.353,0.071,-0.088,-0.195,-0.107
L,-0.267,0.018,-0.265,-0.274,0.206
I,-0.353,0.071,-0.088,-0.195,-0.107
N,0.255,0.038,0.117,0.118,-0.055
L,-0.267,0.018,-0.265,-0.274,0.206
I,-0.353,0.071,-0.088,-0.195,-0.107
Q,0.149,-0.184,-0.03,0.035,-0.112
E,0.221,-0.28,-0.315,0.157,0.303
N,0.255,0.038,0.117,0.118,-0.055
N,0.255,0.038,0.117,0.118,-0.055
H,0.023,-0.177,0.041,0.28,-0.021
N,0.255,0.038,0.117,0.118,-0.055
K,0.243,-0.339,-0.044,-0.325,-0.027
L,-0.267,0.018,-0.265,-0.274,0.206
M,-0.239,-0.141,-0.155,0.321,0.077
L,-0.267,0.018,-0.265,-0.274,0.206
Q,0.149,-0.184,-0.03,0.035,-0.112
E,0.221,-0.28,-0.315,0.157,0.303
I,-0.353,0.071,-0.088,-0.195,-0.107
R,0.171,-0.361,0.107,-0.258,-0.364
K,0.243,-0.339,-0.044,-0.325,-0.027
E,0.221,-0.28,-0.315,0.157,0.303
F,-0.329,-0.023,0.072,-0.002,0.208
A,0.008,0.134,-0.475,-0.039,0.181
A,0.008,0.134,-0.475,-0.039,0.181
I,-0.353,0.071,-0.088,-0.195,-0.107
D,0.303,-0.057,-0.014,0.225,0.156
T,0.068,0.147,-0.015,-0.132,-0.274
K,0.243,-0.339,-0.044,-0.325,-0.027
I,-0.353,0.071,-0.088,-0.195,-0.107
Q,0.149,-0.184,-0.03,0.035,-0.112
K,0.243,-0.339,-0.044,-0.325,-0.027
T,0.068,0.147,-0.015,-0.132,-0.274
S,0.199,0.238,-0.015,-0.068,-0.196
D,0.303,-0.057,-0.014,0.225,0.156
D,0.303,-0.057,-0.014,0.225,0.156
I,-0.353,0.071,-0.088,-0.195,-0.107
G,0.218,0.562,-0.024,0.018,0.106
T,0.068,0.147,-0.015,-0.132,-0.274
S,0.199,0.238,-0.015,-0.068,-0.196
I,-0.353,0.071,-0.088,-0.195,-0.107
Q,0.149,-0.184,-0.03,0.035,-0.112
S,0.199,0.238,-0.015,-0.068,-0.196
G,0.218,0.562,-0.024,0.018,0.106
I,-0.353,0.071,-0.088,-0.195,-0.107
N,0.255,0.038,0.117,0.118,-0.055
T,0.068,0.147,-0.015,-0.132,-0.274
R,0.171,-0.361,0.107,-0.258,-0.364
L,-0.267,0.018,-0.265,-0.274,0.206
L,-0.267,0.018,-0.265,-0.274,0.206
T,0.068,0.147,-0.015,-0.132,-0.274
I,-0.353,0.071,-0.088,-0.195,-0.107
Q,0.149,-0.184,-0.03,0.035,-0.112
S,0.199,0.238,-0.015,-0.068,-0.196
H,0.023,-0.177,0.041,0.28,-0.021
V,-0.274,0.136,-0.187,-0.196,-0.299
Q,0.149,-0.184,-0.03,0.035,-0.112
N,0.255,0.038,0.117,0.118,-0.055
Y,-0.141,-0.057,0.425,-0.096,-0.091
I,-0.353,0.071,-0.088,-0.195,-0.107
P,0.173,0.286,0.407,-0.215,0.384
L,-0.267,0.018,-0.265,-0.274,0.206
S,0.199,0.238,-0.015,-0.068,-0.196
L,-0.267,0.018,-0.265,-0.274,0.206
T,0.068,0.147,-0.015,-0.132,-0.274
Q,0.149,-0.184,-0.03,0.035,-0.112
Q,0.149,-0.184,-0.03,0.035,-0.112
M,-0.239,-0.141,-0.155,0.321,0.077
S,0.199,0.238,-0.015,-0.068,-0.196
D,0.303,-0.057,-0.014,0.225,0.156
L,-0.267,0.018,-0.265,-0.274,0.206
R,0.171,-0.361,0.107,-0.258,-0.364
K,0.243,-0.339,-0.044,-0.325,-0.027
F,-0.329,-0.023,0.072,-0.002,0.208
I,-0.353,0.071,-0.088,-0.195,-0.107
N,0.255,0.038,0.117,0.118,-0.055
D,0.303,-0.057,-0.014,0.225,0.156
L,-0.267,0.018,-0.265,-0.274,0.206
T,0.068,0.147,-0.015,-0.132,-0.274
T,0.068,0.147,-0.015,-0.132,-0.274
K,0.243,-0.339,-0.044,-0.325,-0.027
R,0.171,-0.361,0.107,-0.258,-0.364
E,0.221,-0.28,-0.315,0.157,0.303
H,0.023,-0.177,0.041,0.28,-0.021
Q,0.149,-0.184,-0.03,0.035,-0.112
E,0.221,-0.28,-0.315,0.157,0.303
V,-0.274,0.136,-0.187,-0.196,-0.299
P,0.173,0.286,0.407,-0.215,0.384
I,-0.353,0.071,-0.088,-0.195,-0.107
Q,0.149,-0.184,-0.03,0.035,-0.112
R,0.171,-0.361,0.107,-0.258,-0.364
M,-0.239,-0.141,-0.155,0.321,0.077
T,0.068,0.147,-0.015,-0.132,-0.274
H,0.023,-0.177,0.041,0.28,-0.021
D,0.303,-0.057,-0.014,0.225,0.156
S,0.199,0.238,-0.015,-0.068,-0.196
G,0.218,0.562,-0.024,0.018,0.106
I,-0.353,0.071,-0.088,-0.195,-0.107
E,0.221,-0.28,-0.315,0.157,0.303
P,0.173,0.286,0.407,-0.215,0.384
L,-0.267,0.018,-0.265,-0.274,0.206
N,0.255,0.038,0.117,0.118,-0.055
P,0.173,0.286,0.407,-0.215,0.384
D,0.303,-0.057,-0.014,0.225,0.156
K,0.243,-0.339,-0.044,-0.325,-0.027
F,-0.329,-0.023,0.072,-0.002,0.208
W,-0.296,-0.186,0.389,0.083,0.297
R,0.171,-0.361,0.107,-0.258,-0.364
C,-0.132,0.174,0.07,0.565,-0.374
T,0.068,0.147,-0.015,-0.132,-0.274
S,0.199,0.238,-0.015,-0.068,-0.196
G,0.218,0.562,-0.024,0.018,0.106
N,0.255,0.038,0.117,0.118,-0.055
P,0.173,0.286,0.407,-0.215,0.384
S,0.199,0.238,-0.015,-0.068,-0.196
L,-0.267,0.018,-0.265,-0.274,0.206
T,0.068,0.147,-0.015,-0.132,-0.274
S,0.199,0.238,-0.015,-0.068,-0.196
S,0.199,0.238,-0.015,-0.068,-0.196
P,0.173,0.286,0.407,-0.215,0.384
K,0.243,-0.339,-0.044,-0.325,-0.027
I,-0.353,0.071,-0.088,-0.195,-0.107
R,0.171,-0.361,0.107,-0.258,-0.364
L,-0.267,0.018,-0.265,-0.274,0.206
I,-0.353,0.071,-0.088,-0.195,-0.107
P,0.173,0.286,0.407,-0.215,0.384
G,0.218,0.562,-0.024,0.018,0.106
P,0.173,0.286,0.407,-0.215,0.384
G,0.218,0.562,-0.024,0.018,0.106
L,-0.267,0.018,-0.265,-0.274,0.206
L,-0.267,0.018,-0.265,-0.274,0.206
A,0.008,0.134,-0.475,-0.039,0.181
T,0.068,0.147,-0.015,-0.132,-0.274
S,0.199,0.238,-0.015,-0.068,-0.196
T,0.068,0.147,-0.015,-0.132,-0.274
T,0.068,0.147,-0.015,-0.132,-0.274
V,-0.274,0.136,-0.187,-0.196,-0.299
N,0.255,0.038,0.117,0.118,-0.055
G,0.218,0.562,-0.024,0.018,0.106
C,-0.132,0.174,0.07,0.565,-0.374
I,-0.353,0.071,-0.088,-0.195,-0.107
R,0.171,-0.361,0.107,-0.258,-0.364
L,-0.267,0.018,-0.265,-0.274,0.206
P,0.173,0.286,0.407,-0.215,0.384
S,0.199,0.238,-0.015,-0.068,-0.196
L,-0.267,0.018,-0.265,-0.274,0.206
A,0.008,0.134,-0.475,-0.039,0.181
I,-0.353,0.071,-0.088,-0.195,-0.107
N,0.255,0.038,0.117,0.118,-0.055
N,0.255,0.038,0.117,0.118,-0.055
L,-0.267,0.018,-0.265,-0.274,0.206
I,-0.353,0.071,-0.088,-0.195,-0.107
Y,-0.141,-0.057,0.425,-0.096,-0.091
A,0.008,0.134,-0.475,-0.039,0.181
Y,-0.141,-0.057,0.425,-0.096,-0.091
T,0.068,0.147,-0.015,-0.132,-0.274
S,0.199,0.238,-0.015,-0.068,-0.196
N,0.255,0.038,0.117,0.118,-0.055
L,-0.267,0.018,-0.265,-0.274,0.206
I,-0.353,0.071,-0.088,-0.195,-0.107
T,0.068,0.147,-0.015,-0.132,-0.274
Q,0.149,-0.184,-0.03,0.035,-0.112
G,0.218,0.562,-0.024,0.018,0.106
C,-0.132,0.174,0.07,0.565,-0.374
Q,0.149,-0.184,-0.03,0.035,-0.112
D,0.303,-0.057,-0.014,0.225,0.156
I,-0.353,0.071,-0.088,-0.195,-0.107
G,0.218,0.562,-0.024,0.018,0.106
K,0.243,-0.339,-0.044,-0.325,-0.027
S,0.199,0.238,-0.015,-0.068,-0.196
Y,-0.141,-0.057,0.425,-0.096,-0.091
Q,0.149,-0.184,-0.03,0.035,-0.112
V,-0.274,0.136,-0.187,-0.196,-0.299
L,-0.267,0.018,-0.265,-0.274,0.206
Q,0.149,-0.184,-0.03,0.035,-0.112
I,-0.353,0.071,-0.088,-0.195,-0.107
G,0.218,0.562,-0.024,0.018,0.106
I,-0.353,0.071,-0.088,-0.195,-0.107
I,-0.353,0.071,-0.088,-0.195,-0.107
T,0.068,0.147,-0.015,-0.132,-0.274
I,-0.353,0.071,-0.088,-0.195,-0.107
N,0.255,0.038,0.117,0.118,-0.055
S,0.199,0.238,-0.015,-0.068,-0.196
D,0.303,-0.057,-0.014,0.225,0.156
L,-0.267,0.018,-0.265,-0.274,0.206
V,-0.274,0.136,-0.187,-0.196,-0.299
P,0.173,0.286,0.407,-0.215,0.384
D,0.303,-0.057,-0.014,0.225,0.156
L,-0.267,0.018,-0.265,-0.274,0.206
N,0.255,0.038,0.117,0.118,-0.055
P,0.173,0.286,0.407,-0.215,0.384
R,0.171,-0.361,0.107,-0.258,-0.364
V,-0.274,0.136,-0.187,-0.196,-0.299
T,0.068,0.147,-0.015,-0.132,-0.274
H,0.023,-0.177,0.041,0.28,-0.021
T,0.068,0.147,-0.015,-0.132,-0.274
F,-0.329,-0.023,0.072,-0.002,0.208
N,0.255,0.038,0.117,0.118,-0.055
I,-0.353,0.071,-0.088,-0.195,-0.107
D,0.303,-0.057,-0.014,0.225,0.156
D,0.303,-0.057,-0.014,0.225,0.156
N,0.255,0.038,0.117,0.118,-0.055
R,0.171,-0.361,0.107,-0.258,-0.364
K,0.243,-0.339,-0.044,-0.325,-0.027
S,0.199,0.238,-0.015,-0.068,-0.196
C,-0.132,0.174,0.07,0.565,-0.374
S,0.199,0.238,-0.015,-0.068,-0.196
L,-0.267,0.018,-0.265,-0.274,0.206
A,0.008,0.134,-0.475,-0.039,0.181
L,-0.267,0.018,-0.265,-0.274,0.206
L,-0.267,0.018,-0.265,-0.274,0.206
N,0.255,0.038,0.117,0.118,-0.055
T,0.068,0.147,-0.015,-0.132,-0.274
D,0.303,-0.057,-0.014,0.225,0.156
V,-0.274,0.136,-0.187,-0.196,-0.299
Y,-0.141,-0.057,0.425,-0.096,-0.091
Q,0.149,-0.184,-0.03,0.035,-0.112
L,-0.267,0.018,-0.265,-0.274,0.206
C,-0.132,0.174,0.07,0.565,-0.374
S,0.199,0.238,-0.015,-0.068,-0.196
T,0.068,0.147,-0.015,-0.132,-0.274
P,0.173,0.286,0.407,-0.215,0.384
K,0.243,-0.339,-0.044,-0.325,-0.027
V,-0.274,0.136,-0.187,-0.196,-0.299
D,0.303,-0.057,-0.014,0.225,0.156
E,0.221,-0.28,-0.315,0.157,0.303
R,0.171,-0.361,0.107,-0.258,-0.364
S,0.199,0.238,-0.015,-0.068,-0.196
D,0.303,-0.057,-0.014,0.225,0.156
Y,-0.141,-0.057,0.425,-0.096,-0.091
A,0.008,0.134,-0.475,-0.039,0.181
S,0.199,0.238,-0.015,-0.068,-0.196
T,0.068,0.147,-0.015,-0.132,-0.274
G,0.218,0.562,-0.024,0.018,0.106
I,-0.353,0.071,-0.088,-0.195,-0.107
E,0.221,-0.28,-0.315,0.157,0.303
D,0.303,-0.057,-0.014,0.225,0.156
I,-0.353,0.071,-0.088,-0.195,-0.107
V,-0.274,0.136,-0.187,-0.196,-0.299
L,-0.267,0.018,-0.265,-0.274,0.206
D,0.303,-0.057,-0.014,0.225,0.156
I,-0.353,0.071,-0.088,-0.195,-0.107
V,-0.274,0.136,-0.187,-0.196,-0.299
T,0.068,0.147,-0.015,-0.132,-0.274
S,0.199,0.238,-0.015,-0.068,-0.196
N,0.255,0.038,0.117,0.118,-0.055
G,0.218,0.562,-0.024,0.018,0.106
L,-0.267,0.018,-0.265,-0.274,0.206
I,-0.353,0.071,-0.088,-0.195,-0.107
I,-0.353,0.071,-0.088,-0.195,-0.107
T,0.068,0.147,-0.015,-0.132,-0.274
T,0.068,0.147,-0.015,-0.132,-0.274
R,0.171,-0.361,0.107,-0.258,-0.364
F,-0.329,-0.023,0.072,-0.002,0.208
T,0.068,0.147,-0.015,-0.132,-0.274
N,0.255,0.038,0.117,0.118,-0.055
N,0.255,0.038,0.117,0.118,-0.055
N,0.255,0.038,0.117,0.118,-0.055
I,-0.353,0.071,-0.088,-0.195,-0.107
T,0.068,0.147,-0.015,-0.132,-0.274
F,-0.329,-0.023,0.072,-0.002,0.208
D,0.303,-0.057,-0.014,0.225,0.156
K,0.243,-0.339,-0.044,-0.325,-0.027
P,0.173,0.286,0.407,-0.215,0.384
Y,-0.141,-0.057,0.425,-0.096,-0.091
A,0.008,0.134,-0.475,-0.039,0.181
A,0.008,0.134,-0.475,-0.039,0.181
L,-0.267,0.018,-0.265,-0.274,0.206
Y,-0.141,-0.057,0.425,-0.096,-0.091
P,0.173,0.286,0.407,-0.215,0.384
S,0.199,0.238,-0.015,-0.068,-0.196
V,-0.274,0.136,-0.187,-0.196,-0.299
G,0.218,0.562,-0.024,0.018,0.106
P,0.173,0.286,0.407,-0.215,0.384
G,0.218,0.562,-0.024,0.018,0.106
I,-0.353,0.071,-0.088,-0.195,-0.107
Y,-0.141,-0.057,0.425,-0.096,-0.091
Y,-0.141,-0.057,0.425,-0.096,-0.091
K,0.243,-0.339,-0.044,-0.325,-0.027
D,0.303,-0.057,-0.014,0.225,0.156
K,0.243,-0.339,-0.044,-0.325,-0.027
V,-0.274,0.136,-0.187,-0.196,-0.299
I,-0.353,0.071,-0.088,-0.195,-0.107
F,-0.329,-0.023,0.072,-0.002,0.208
L,-0.267,0.018,-0.265,-0.274,0.206
G,0.218,0.562,-0.024,0.018,0.106
Y,-0.141,-0.057,0.425,-0.096,-0.091
G,0.218,0.562,-0.024,0.018,0.106
G,0.218,0.562,-0.024,0.018,0.106
L,-0.267,0.018,-0.265,-0.274,0.206
E,0.221,-0.28,-0.315,0.157,0.303
H,0.023,-0.177,0.041,0.28,-0.021
E,0.221,-0.28,-0.315,0.157,0.303
E,0.221,-0.28,-0.315,0.157,0.303
N,0.255,0.038,0.117,0.118,-0.055
G,0.218,0.562,-0.024,0.018,0.106
D,0.303,-0.057,-0.014,0.225,0.156
V,-0.274,0.136,-0.187,-0.196,-0.299
I,-0.353,0.071,-0.088,-0.195,-0.107
C,-0.132,0.174,0.07,0.565,-0.374
N,0.255,0.038,0.117,0.118,-0.055
T,0.068,0.147,-0.015,-0.132,-0.274
T,0.068,0.147,-0.015,-0.132,-0.274
G,0.218,0.562,-0.024,0.018,0.106
C,-0.132,0.174,0.07,0.565,-0.374
P,0.173,0.286,0.407,-0.215,0.384
G,0.218,0.562,-0.024,0.018,0.106
K,0.243,-0.339,-0.044,-0.325,-0.027
T,0.068,0.147,-0.015,-0.132,-0.274
Q,0.149,-0.184,-0.03,0.035,-0.112
R,0.171,-0.361,0.107,-0.258,-0.364
D,0.303,-0.057,-0.014,0.225,0.156
C,-0.132,0.174,0.07,0.565,-0.374
N,0.255,0.038,0.117,0.118,-0.055
Q,0.149,-0.184,-0.03,0.035,-0.112
A,0.008,0.134,-0.475,-0.039,0.181
S,0.199,0.238,-0.015,-0.068,-0.196
Y,-0.141,-0.057,0.425,-0.096,-0.091
S,0.199,0.238,-0.015,-0.068,-0.196
P,0.173,0.286,0.407,-0.215,0.384
W,-0.296,-0.186,0.389,0.083,0.297
F,-0.329,-0.023,0.072,-0.002,0.208
S,0.199,0.238,-0.015,-0.068,-0.196
N,0.255,0.038,0.117,0.118,-0.055
R,0.171,-0.361,0.107,-0.258,-0.364
R,0.171,-0.361,0.107,-0.258,-0.364
M,-0.239,-0.141,-0.155,0.321,0.077
V,-0.274,0.136,-0.187,-0.196,-0.299
N,0.255,0.038,0.117,0.118,-0.055
S,0.199,0.238,-0.015,-0.068,-0.196
I,-0.353,0.071,-0.088,-0.195,-0.107
I,-0.353,0.071,-0.088,-0.195,-0.107
V,-0.274,0.136,-0.187,-0.196,-0.299
V,-0.274,0.136,-0.187,-0.196,-0.299
D,0.303,-0.057,-0.014,0.225,0.156
K,0.243,-0.339,-0.044,-0.325,-0.027
G,0.218,0.562,-0.024,0.018,0.106
I,-0.353,0.071,-0.088,-0.195,-0.107
D,0.303,-0.057,-0.014,0.225,0.156
T,0.068,0.147,-0.015,-0.132,-0.274
T,0.068,0.147,-0.015,-0.132,-0.274
F,-0.329,-0.023,0.072,-0.002,0.208
S,0.199,0.238,-0.015,-0.068,-0.196
L,-0.267,0.018,-0.265,-0.274,0.206
R,0.171,-0.361,0.107,-0.258,-0.364
V,-0.274,0.136,-0.187,-0.196,-0.299
W,-0.296,-0.186,0.389,0.083,0.297
T,0.068,0.147,-0.015,-0.132,-0.274
I,-0.353,0.071,-0.088,-0.195,-0.107
P,0.173,0.286,0.407,-0.215,0.384
M,-0.239,-0.141,-0.155,0.321,0.077
R,0.171,-0.361,0.107,-0.258,-0.364
Q,0.149,-0.184,-0.03,0.035,-0.112
N,0.255,0.038,0.117,0.118,-0.055
Y,-0.141,-0.057,0.425,-0.096,-0.091
W,-0.296,-0.186,0.389,0.083,0.297
G,0.218,0.562,-0.024,0.018,0.106
S,0.199,0.238,-0.015,-0.068,-0.196
E,0.221,-0.28,-0.315,0.157,0.303
G,0.218,0.562,-0.024,0.018,0.106
R,0.171,-0.361,0.107,-0.258,-0.364
L,-0.267,0.018,-0.265,-0.274,0.206
L,-0.267,0.018,-0.265,-0.274,0.206
L,-0.267,0.018,-0.265,-0.274,0.206
L,-0.267,0.018,-0.265,-0.274,0.206
G,0.218,0.562,-0.024,0.018,0.106
D,0.303,-0.057,-0.014,0.225,0.156
R,0.171,-0.361,0.107,-0.258,-0.364
I,-0.353,0.071,-0.088,-0.195,-0.107
Y,-0.141,-0.057,0.425,-0.096,-0.091
I,-0.353,0.071,-0.088,-0.195,-0.107
Y,-0.141,-0.057,0.425,-0.096,-0.091
T,0.068,0.147,-0.015,-0.132,-0.274
R,0.171,-0.361,0.107,-0.258,-0.364
S,0.199,0.238,-0.015,-0.068,-0.196
T,0.068,0.147,-0.015,-0.132,-0.274
S,0.199,0.238,-0.015,-0.068,-0.196
W,-0.296,-0.186,0.389,0.083,0.297
H,0.023,-0.177,0.041,0.28,-0.021
S,0.199,0.238,-0.015,-0.068,-0.196
K,0.243,-0.339,-0.044,-0.325,-0.027
L,-0.267,0.018,-0.265,-0.274,0.206
Q,0.149,-0.184,-0.03,0.035,-0.112
L,-0.267,0.018,-0.265,-0.274,0.206
G,0.218,0.562,-0.024,0.018,0.106
V,-0.274,0.136,-0.187,-0.196,-0.299
I,-0.353,0.071,-0.088,-0.195,-0.107
D,0.303,-0.057,-0.014,0.225,0.156
I,-0.353,0.071,-0.088,-0.195,-0.107
S,0.199,0.238,-0.015,-0.068,-0.196
D,0.303,-0.057,-0.014,0.225,0.156
F,-0.329,-0.023,0.072,-0.002,0.208
N,0.255,0.038,0.117,0.118,-0.055
N,0.255,0.038,0.117,0.118,-0.055
I,-0.353,0.071,-0.088,-0.195,-0.107
R,0.171,-0.361,0.107,-0.258,-0.364
I,-0.353,0.071,-0.088,-0.195,-0.107
N,0.255,0.038,0.117,0.118,-0.055
W,-0.296,-0.186,0.389,0.083,0.297
T,0.068,0.147,-0.015,-0.132,-0.274
W,-0.296,-0.186,0.389,0.083,0.297
H,0.023,-0.177,0.041,0.28,-0.021
N,0.255,0.038,0.117,0.118,-0.055
V,-0.274,0.136,-0.187,-0.196,-0.299
L,-0.267,0.018,-0.265,-0.274,0.206
S,0.199,0.238,-0.015,-0.068,-0.196
R,0.171,-0.361,0.107,-0.258,-0.364
P,0.173,0.286,0.407,-0.215,0.384
G,0.218,0.562,-0.024,0.018,0.106
N,0.255,0.038,0.117,0.118,-0.055
D,0.303,-0.057,-0.014,0.225,0.156
E,0.221,-0.28,-0.315,0.157,0.303
C,-0.132,0.174,0.07,0.565,-0.374
P,0.173,0.286,0.407,-0.215,0.384
W,-0.296,-0.186,0.389,0.083,0.297
G,0.218,0.562,-0.024,0.018,0.106
H,0.023,-0.177,0.041,0.28,-0.021
S,0.199,0.238,-0.015,-0.068,-0.196
C,-0.132,0.174,0.07,0.565,-0.374
P,0.173,0.286,0.407,-0.215,0.384
D,0.303,-0.057,-0.014,0.225,0.156
G,0.218,0.562,-0.024,0.018,0.106
C,-0.132,0.174,0.07,0.565,-0.374
I,-0.353,0.071,-0.088,-0.195,-0.107
T,0.068,0.147,-0.015,-0.132,-0.274
G,0.218,0.562,-0.024,0.018,0.106
V,-0.274,0.136,-0.187,-0.196,-0.299
Y,-0.141,-0.057,0.425,-0.096,-0.091
T,0.068,0.147,-0.015,-0.132,-0.274
D,0.303,-0.057,-0.014,0.225,0.156
A,0.008,0.134,-0.475,-0.039,0.181
Y,-0.141,-0.057,0.425,-0.096,-0.091
P,0.173,0.286,0.407,-0.215,0.384
L,-0.267,0.018,-0.265,-0.274,0.206
N,0.255,0.038,0.117,0.118,-0.055
P,0.173,0.286,0.407,-0.215,0.384
S,0.199,0.238,-0.015,-0.068,-0.196
G,0.218,0.562,-0.024,0.018,0.106
S,0.199,0.238,-0.015,-0.068,-0.196
I,-0.353,0.071,-0.088,-0.195,-0.107
V,-0.274,0.136,-0.187,-0.196,-0.299
S,0.199,0.238,-0.015,-0.068,-0.196
S,0.199,0.238,-0.015,-0.068,-0.196
V,-0.274,0.136,-0.187,-0.196,-0.299
I,-0.353,0.071,-0.088,-0.195,-0.107
L,-0.267,0.018,-0.265,-0.274,0.206
D,0.303,-0.057,-0.014,0.225,0.156
S,0.199,0.238,-0.015,-0.068,-0.196
Q,0.149,-0.184,-0.03,0.035,-0.112
K,0.243,-0.339,-0.044,-0.325,-0.027
S,0.199,0.238,-0.015,-0.068,-0.196
R,0.171,-0.361,0.107,-0.258,-0.364
E,0.221,-0.28,-0.315,0.157,0.303
N,0.255,0.038,0.117,0.118,-0.055
P,0.173,0.286,0.407,-0.215,0.384
I,-0.353,0.071,-0.088,-0.195,-0.107
I,-0.353,0.071,-0.088,-0.195,-0.107
T,0.068,0.147,-0.015,-0.132,-0.274
Y,-0.141,-0.057,0.425,-0.096,-0.091
S,0.199,0.238,-0.015,-0.068,-0.196
T,0.068,0.147,-0.015,-0.132,-0.274
A,0.008,0.134,-0.475,-0.039,0.181
T,0.068,0.147,-0.015,-0.132,-0.274
N,0.255,0.038,0.117,0.118,-0.055
R,0.171,-0.361,0.107,-0.258,-0.364
V,-0.274,0.136,-0.187,-0.196,-0.299
N,0.255,0.038,0.117,0.118,-0.055
E,0.221,-0.28,-0.315,0.157,0.303
L,-0.267,0.018,-0.265,-0.274,0.206
A,0.008,0.134,-0.475,-0.039,0.181
I,-0.353,0.071,-0.088,-0.195,-0.107
Y,-0.141,-0.057,0.425,-0.096,-0.091
N,0.255,0.038,0.117,0.118,-0.055
R,0.171,-0.361,0.107,-0.258,-0.364
T,0.068,0.147,-0.015,-0.132,-0.274
L,-0.267,0.018,-0.265,-0.274,0.206
P,0.173,0.286,0.407,-0.215,0.384
A,0.008,0.134,-0.475,-0.039,0.181
A,0.008,0.134,-0.475,-0.039,0.181
Y,-0.141,-0.057,0.425,-0.096,-0.091
T,0.068,0.147,-0.015,-0.132,-0.274
T,0.068,0.147,-0.015,-0.132,-0.274
T,0.068,0.147,-0.015,-0.132,-0.274
N,0.255,0.038,0.117,0.118,-0.055
C,-0.132,0.174,0.07,0.565,-0.374
I,-0.353,0.071,-0.088,-0.195,-0.107
T,0.068,0.147,-0.015,-0.132,-0.274
H,0.023,-0.177,0.041,0.28,-0.021
Y,-0.141,-0.057,0.425,-0.096,-0.091
D,0.303,-0.057,-0.014,0.225,0.156
K,0.243,-0.339,-0.044,-0.325,-0.027
G,0.218,0.562,-0.024,0.018,0.106
Y,-0.141,-0.057,0.425,-0.096,-0.091
C,-0.132,0.174,0.07,0.565,-0.374
F,-0.329,-0.023,0.072,-0.002,0.208
H,0.023,-0.177,0.041,0.28,-0.021
I,-0.353,0.071,-0.088,-0.195,-0.107
V,-0.274,0.136,-0.187,-0.196,-0.299
E,0.221,-0.28,-0.315,0.157,0.303
I,-0.353,0.071,-0.088,-0.195,-0.107
N,0.255,0.038,0.117,0.118,-0.055
H,0.023,-0.177,0.041,0.28,-0.021
R,0.171,-0.361,0.107,-0.258,-0.364
S,0.199,0.238,-0.015,-0.068,-0.196
L,-0.267,0.018,-0.265,-0.274,0.206
N,0.255,0.038,0.117,0.118,-0.055
T,0.068,0.147,-0.015,-0.132,-0.274
F,-0.329,-0.023,0.072,-0.002,0.208
Q,0.149,-0.184,-0.03,0.035,-0.112
P,0.173,0.286,0.407,-0.215,0.384
M,-0.239,-0.141,-0.155,0.321,0.077
L,-0.267,0.018,-0.265,-0.274,0.206
F,-0.329,-0.023,0.072,-0.002,0.208
K,0.243,-0.339,-0.044,-0.325,-0.027
T,0.068,0.147,-0.015,-0.132,-0.274
E,0.221,-0.28,-0.315,0.157,0.303
V,-0.274,0.136,-0.187,-0.196,-0.299
P,0.173,0.286,0.407,-0.215,0.384
K,0.243,-0.339,-0.044,-0.325,-0.027
N,0.255,0.038,0.117,0.118,-0.055
C,-0.132,0.174,0.07,0.565,-0.374
S,0.199,0.238,-0.015,-0.068,-0.196
